airport,runway,procedure_names,operation
KLAS,RW26L,"KEPEC6,SITEE3,SUNST4,TYSSN5",arrival
KLAS,RW26R,"KEPEC6,SITEE3,SUNST4,TYSSN5",arrival
KLAS,RW01L,GRNPA2,arrival
KLAS,RW19L,"LAS5,PRFUM4,COWBY8,BOACH8",departure
KLAS,RW25L,"LAS5,COWBY8,BOACH8",departure
KDTW,RW21L,"SPICA2,POLAR6",arrival
KDTW,RW22R,"SPICA2,POLAR6",arrival
KDTW,RW04R,"MIZAR4,GEMNI4",arrival
KDTW,RW22L,"SPICA2,POLAR6",arrival
KDTW,RW22R,"SPICA2,POLAR6",arrival
KDTW,RW04L,"MIZAR4,GEMNI4",arrival
KDTW,RW03R,"MIZAR4,GEMNI4",arrival
KDTW,RW21R,"PALCE1,ERRTH6,FWA7",departure
KDTW,RW22L,"PALCE1,ERRTH6,FWA7",departure
KSFO,RW28L,"BSR3,MOD8,PYE3,GOLDN7",arrival
KSFO,RW28R,"BSR3,MOD8,PYE3,GOLDN7",arrival
KSFO,RW01R,"AFIVA1,NIITE3,OFFSH1,SSTIK3,TRUKN2",departure
KSFO,RW01L,"AFIVA1,NIITE3,OFFSH1,SSTIK3,TRUKN2",departure
KSFO,RW28R,"AFIVA1,GAPP7,GNNRR2,MOLEN8,NIITE3,OFFSH1,SNTNA2,TRUKN2,WESLA3",departure
KSFO,RW28L,"AFIVA1,GAPP7,GNNRR2,MOLEN8,NIITE3,OFFSH1,SNTNA2,TRUKN2,WESLA3",departure
KJFK,RW04R,"ROBER2,PWL2,LENDY6,IGN1,CAMRN4",arrival
KJFK,RW04L,"ROBER2,PWL2,LENDY6,IGN1,CAMRN4",arrival
KJFK,RW04L,"MERIT6,GREKI6,DEEZZ5",departure
KJFK,RW04R,"MERIT6,GREKI6,DEEZZ5",departure
KJFK,RW13L,DEEZZ5,departure
KJFK,RW13R,DEEZZ5,departure
KJFK,RW31L,"SKORR4,MERIT6,GREKI6,DEEZZ5",departure
KJFK,RW31R,"SKORR4,MERIT6,GREKI6,DEEZZ5",departure
KJFK,RW22L,"MERIT6,GREKI6,DEEZZ5",departure
KJFK,RW22R,"MERIT6,GREKI6,DEEZZ5",departure
KATL,RW08L,"CHPPR1,ONDRE1,OZZZI1",arrival
KATL,RW09R,GLAVN1,arrival
KATL,RW10,"GNDLF2,SITTH2",arrival
KATL,RW08R,"ATL9,BANNG2,CUTTN2,GAIRY2,HAALO2,JACCC2,NASSA2,PADGT2,PENCL2,PHIIL2,PLMMR2,POUNC2,SMKEY2,SMLTZ2,VARNM2,VRSTY2,WIGLE2",departure
KATL,RW09L,"ATL9,BANNG2,CUTTN2,GAIRY2,HAALO2,JACCC2,NASSA2,PADGT2,PENCL2,PHIIL2,PLMMR2,POUNC2,SMKEY2,SMLTZ2,VARNM2,VRSTY2,WIGLE2",departure
KTPA,RW19L,"BLOND4,DADES4,DEAKK5,FOOXX4",arrival
KTPA,RW19R,"BLOND4,DADES4,DEAKK5,FOOXX4",arrival
KTPA,RW19L,"CROWD7,GANDY7,SYKES7",departure
KTPA,RW19R,"CROWD7,GANDY7,SYKES7",departure
KSLC,RW34L,"LEEHY5,SKEES5",arrival
KSLC,RW34R,"LEEHY5,SKEES5",arrival
KSLC,RW34L,"ARCHZ1,CGULL1,DEZRT1,RUGGD1",departure
KSLC,RW35,"ARCHZ1,CGULL1,DEZRT1,RUGGD1",departure
KSEA,RW16L,"GLASR1,JAWBN6",arrival
KSEA,RW16R,"GLASR1,JAWBN6",arrival
KSEA,RW16C,"BANGR9,ELMAA3,HAROB6,SUMMA1",departure
KSEA,RW16L,"BANGR9,ELMAA3,HAROB6,SUMMA1",departure
KSAN,RW09,"BARET5,HUBRD1,LUCKI1,PLYYA1,SHAMU1,TOPGN2",arrival
KSAN,RW27,"CWARD2,ECHHO2,FALCC1,MMOTO2,PADRZ2,PEBLE6,ZZOOO2",departure
KPDX,RW10L,OCITY1,arrival
KPDX,RW10R,OCITY1,arrival
KPDX,RW10L,"CASCD2,HRMNS5,LAVAA6,MINNE5,WHAMY4",departure
KPDX,RW10R,"CASCD2,HRMNS5,LAVAA6,MINNE5,WHAMY4",departure
KPHX,RW25L,"KOOLY4,SUNSS8,ARLIN4",arrival
KPHX,RW26,"KOOLY4,SUNSS8,ARLIN4",arrival
KPHX,RW26,"BROAK1,BXK4,CHILY4,ECLPS1,FORPE1,FYRBD1,KEENS2,MRBIL1,QUAKY1,STRRM1,ZEPER1",departure
KPHX,RW25R,"BROAK1,BXK4,CHILY4,ECLPS1,FORPE1,FYRBD1,KEENS2,MRBIL1,QUAKY1,STRRM1,ZEPER1",departure
KPHL,RW27L,"BOJID2,VCN9,DPNT6,PAATS3,SPUDS4",arrival
KPHL,RW27R,"BOJID2,VCN9,DPNT6,PAATS3,SPUDS4",arrival
KPHL,RW26,"BOJID2,VCN9,DPNT6,PAATS3,SPUDS4",arrival
KPHL,RW08,----,departure
KPHL,RW09L,----,departure
KMSP,RW12L,"BAINY3,GEP1,KASPR6,SKETR5",arrival
KMSP,RW12R,"BAINY3,GEP1,KASPR6,SKETR5",arrival
KMSP,RW12L,"HSTIN4,RST9",departure
KMSP,RW12R,"ORSKY1,RST9,SCHEP9",departure
KMSP,RW17,"ORSKY1,RST9,SCHEP9,SLAYR4",departure
KMIA,RW08R,"CYY9,DVALL3,FOWEE9,HILEY7",arrival
KMIA,RW09,"CYY9,DVALL3,FOWEE9,HILEY7",arrival
KMIA,RW08L,"EONNS2,HEDLY2,HITAG2,JONZI2,MNATE2,PADUS2,POTTR6,SKIPS2,SOUBY5,VALLY2,WINCO2",departure
KMIA,RW08R,"EONNS2,HEDLY2,HITAG2,JONZI2,MNATE2,PADUS2,POTTR6,SKIPS2,SOUBY5,VALLY2,WINCO2",departure
KMIA,RW12,"EONNS2,HEDLY2,HITAG2,JONZI2,MNATE2,PADUS2,POTTR6,SKIPS2,SOUBY5,VALLY2,WINCO2",departure
KMEM,RW36R,LUGOH3,arrival
KMEM,RW36L,LUGOH3,arrival
KMEM,RW36C,"AUTMN4,AZONE5,BBKNG5,BINKY4,CHLDR4,CRSON5,DUCKZ4,GENEH5,GMBUD5,GOETZ5,GRRIZ4,HOTRD4,JTEEE4,NIKEI4,OLEMS4,PIEPE4,SELPH5,ZUMIT4",departure
KMEM,RW36L,"AUTMN4,AZONE5,BBKNG5,BINKY4,CHLDR4,CRSON5,DUCKZ4,GENEH5,GMBUD5,GOETZ5,GRRIZ4,HOTRD4,JTEEE4,NIKEI4,OLEMS4,PIEPE4,SELPH5,ZUMIT4",departure
KMCO,RW17L,"BAIRN4,BITHO7,COSTR3,LEESE2",arrival
KMCO,RW18R,"BAIRN4,BITHO7,COSTR3,LEESE2",arrival
KMCO,RW17R,JAG6,departure
KMCO,RW18L,JAG6,departure
KLGA,RW22,"HAARP3,NOBBI5",arrival
KLGA,RW13,"GLDMN5,NTHNS4,TNNIS6",departure
KLAX,RW24R,"HUULL2,IRNMN2,RYDRR2",arrival
KLAX,RW25L,"BAYST1,DIRBY1,GOATZ1,HLYWD1,OLAAA1,SNSTT2",arrival
KLAX,RW25R,"DARRK2,DOTSS2,LADYJ4,MUELR4,ORCKA3,OSHNN8,PNDAH2,SKWRL2,SUMMR1,ZILLI4",departure
KLAX,RW24L,"DARRK2,DOTSS2,LADYJ4,MUELR4,ORCKA3,OSHNN8,PNDAH2,SKWRL2,SUMMR1,ZILLI4",departure
KIAH,RW26L,"DOOBI2,GESNR1,HTOWN2",arrival
KIAH,RW26R,"DOOBI2,GESNR1,HTOWN2",arrival
KIAH,RW27,"DOOBI2,GESNR1,HTOWN2",arrival
KIAH,RW15L,"BNDTO5,FLYZA5,GUMBY3,HOODO5,MMUGS4,PITZZ4,RITAA5,NGP7",departure
KIAH,RW15R,"BNDTO5,FLYZA5,GUMBY3,HOODO5,MMUGS4,PITZZ4,RITAA5,NGP7",departure
KIAD,RW19L,"CAVLR3,DOCCS2,LEGGO4,DELRO4",arrival
KIAD,RW19C,"CAVLR3,DOCCS2,LEGGO4,DELRO4",arrival
KIAD,RW19L,"BUNZZ3,MCRAY2,RNLDI4,WOOLY1",departure
KIAD,RW19C,"BUNZZ3,MCRAY2,RNLDI4,WOOLY1",departure
KIAD,RW1C,"JCOBY3,JERES2,BUNZZ3,MCRAY2,RNLDI4,WOOLY1",departure
KIAD,RW19R,"BUNZZ3,MCRAY2,RNLDI4,WOOLY1",departure
KIAD,RW1R,"JCOBY3,JERES2,BUNZZ3,MCRAY2,RNLDI4,WOOLY1",departure
KDFW,RW31R,"BRDJE3,CABBY2,FINGR5,FORNY2,PAWLZ3,SOCKK3,TILLA3,WHINY4",arrival
KDFW,RW13R,"BEREE1,BOOVE4,CAINE2,DAWGZ2,SEEVR4,SHAAM2",arrival
KDFW,RW17L,"BEREE1,BOOVE4,CAINE2,DAWGZ2,SEEVR4,SHAAM2",arrival
KDFW,RW17C,"BEREE1,BOOVE4,CAINE2,DAWGZ2,SEEVR4,SHAAM2",arrival
KDFW,RW17R,"BEREE1,BOOVE4,CAINE2,DAWGZ2,SEEVR4,SHAAM2",arrival
KDFW,RW18L,"BEREE1,BOOVE4,CAINE2,DAWGZ2,SEEVR4,SHAAM2",arrival
KDFW,RW18R,"BEREE1,BOOVE4,CAINE2,DAWGZ2,SEEVR4,SHAAM2",arrival
KDFW,RW36L,"BRDJE3,CABBY2,FINGR5,FORNY2,PAWLZ3,SOCKK3,TILLA3,WHINY4",arrival
KDFW,RW36R,"BRDJE3,CABBY2,FINGR5,FORNY2,PAWLZ3,SOCKK3,TILLA3,WHINY4",arrival
KDFW,RW35L,"BRDJE3,CABBY2,FINGR5,FORNY2,PAWLZ3,SOCKK3,TILLA3,WHINY4",arrival
KDFW,RW35R,"BRDJE3,CABBY2,FINGR5,FORNY2,PAWLZ3,SOCKK3,TILLA3,WHINY4",arrival
KDFW,RW35C,"BRDJE3,CABBY2,FINGR5,FORNY2,PAWLZ3,SOCKK3,TILLA3,WHINY4",arrival
KDFW,RW31R,"WYLIE9,CYOTE9,KING4,KUSSO5,SWABR5",departure
KDFW,RW13R,"WYLIE9,CYOTE9,KING4,KUSSO5,SWABR5",departure
KDFW,RW17L,"TRYTN3,WSTEX2,WYLIE9,ZACHH3,AKUNA7,ALIAN2,ARDIA6,BLECO8,CYOTE9,DARTZ7,FORCK2,GRABE8,HRPER3,HUDAD2,JASPA5,KATZZ2,KING4,KUSSO5,SWABR5",departure
KDFW,RW17C,"TRYTN3,WSTEX2,WYLIE9,ZACHH3,AKUNA7,ALIAN2,ARDIA6,BLECO8,CYOTE9,DARTZ7,FORCK2,GRABE8,HRPER3,HUDAD2,JASPA5,KATZZ2,KING4,KUSSO5,SWABR5",departure
KDFW,RW17R,"TRYTN3,WSTEX2,WYLIE9,ZACHH3,AKUNA7,ALIAN2,ARDIA6,BLECO8,CYOTE9,DARTZ7,FORCK2,GRABE8,HRPER3,HUDAD2,JASPA5,KATZZ2,KING4,KUSSO5,SWABR5",departure
KDFW,RW18L,"TRYTN3,WORTH1,WSTEX2,WYLIE9,ZACHH3,AKUNA7,ALIAN2,ARDIA6,BLECO8,CYOTE9,DARTZ7,FORCK2,GRABE8,HRPER3,HUDAD2,JASPA5,KATZZ2,KING4,KUSSO5,SWABR5",departure
KDFW,RW18R,"TRYTN3,WORTH1,WSTEX2,WYLIE9,ZACHH3,AKUNA7,ALIAN2,ARDIA6,BLECO8,CYOTE9,DARTZ7,FORCK2,GRABE8,HRPER3,HUDAD2,JASPA5,KATZZ2,KING4,KUSSO5,SWABR5",departure
KDFW,RW36L,"TRYTN3,WORTH1,WSTEX2,WYLIE9,ZACHH3,AKUNA7,ALIAN2,ARDIA6,BLECO8,CYOTE9,DARTZ7,FORCK2,GRABE8,HRPER3,HUDAD2,JASPA5,KATZZ2,KING4,KUSSO5,SWABR5",departure
KDFW,RW36R,"TRYTN3,WORTH1,WSTEX2,WYLIE9,ZACHH3,AKUNA7,ALIAN2,ARDIA6,BLECO8,CYOTE9,DARTZ7,FORCK2,KING4,KUSSO5,SWABR5",departure
KDFW,RW35L,"TRYTN3,WSTEX2,WYLIE9,ZACHH3,AKUNA7,ALIAN2,ARDIA6,BLECO8,CYOTE9,DARTZ7,FORCK2,GRABE8,HRPER3,HUDAD2,JASPA5,KATZZ2,KING4,KUSSO5,SWABR5",departure
KDFW,RW35R,"TRYTN3,WSTEX2,WYLIE9,ZACHH3,AKUNA7,ALIAN2,ARDIA6,BLECO8,CYOTE9,DARTZ7,FORCK2,GRABE8,HRPER3,HUDAD2,JASPA5,KATZZ2,KING4,KUSSO5,SWABR5",departure
KDFW,RW35C,"TRYTN3,WSTEX2,WYLIE9,ZACHH3,AKUNA7,ALIAN2,ARDIA6,BLECO8,CYOTE9,DARTZ7,FORCK2,GRABE8,HRPER3,HUDAD2,JASPA5,KATZZ2,KING4,KUSSO5,SWABR5",departure
KDFW,RW31L,"WYLIE9,CYOTE9,KING4,KUSSO5,SWABR5",departure
KDFW,RW13L,"WYLIE9,CYOTE9,KING4,KUSSO5,SWABR5",departure
KDEN,RW16L,"CREDE3,JAGGR3,KAILE2,KIPPR4,PEEKK3,RAMMS6,TSHNR2,WAHUU2,ZPLYN3",arrival
KDEN,RW16R,"CREDE3,JAGGR3,KAILE2,KIPPR4,PEEKK3,RAMMS6,TSHNR2,WAHUU2,ZPLYN3",arrival
KDEN,RW34L,"ANCHR4,BOSSS2,FRNCH3,LARKS8,LDORA2,POWDR8,PURRL2,TELLR2",arrival
KDEN,RW34R,"ANCHR4,BOSSS2,FRNCH3,LARKS8,LDORA2,POWDR8,PURRL2,TELLR2",arrival
KDEN,RW35L,"ANCHR4,BOSSS2,FRNCH3,LARKS8,LDORA2,POWDR8,PURRL2,TELLR2",arrival
KDEN,RW35R,"ANCHR4,BOSSS2,FRNCH3,LARKS8,LDORA2,POWDR8,PURRL2,TELLR2",arrival
KDEN,RW17L,"CREDE3,JAGGR3,KAILE2,KIPPR4,PEEKK3,RAMMS6,TSHNR2,WAHUU2,ZPLYN3",arrival
KDEN,RW17R,"CREDE3,JAGGR3,KAILE2,KIPPR4,PEEKK3,RAMMS6,TSHNR2,WAHUU2,ZPLYN3",arrival
KDEN,RW08,"KIPPR4,PURRL2",arrival
KDEN,RW25,"KIPPR4,PURRL2,RAMMS6,SAYGE9",arrival
KDEN,RW07,"KAILE2,KIPPR4,LARKS8,POWDR8,PURRL2,TELLR2,TSHNR2,WAHUU2,ZPLYN3",arrival
KDEN,RW26,"KAILE2,KIPPR4,LARKS8,PURRL2,RAMMS6,SAYGE9,TELLR2,TSHNR2,WAHUU2,ZPLYN3",arrival
KDEN,RW16L,"BAYLR3,BRYCC3,CONNR4,COORZ3,EEONS5,EMMYS5,EPKEE5,EXTAN4,FOOOT3,PIKES9,PLAIN8,RIKKK3,ROCKI3,SOLAR3,SPAZZ3,STAKR3,YAMMI3,YELLO1,YOKES5",departure
KDEN,RW16R,"BAYLR3,BRYCC3,CONNR4,COORZ3,EEONS5,EMMYS5,EPKEE5,EXTAN4,FOOOT3,PIKES9,PLAIN8,RIKKK3,ROCKI3,SOLAR3,SPAZZ3,STAKR3,YAMMI3,YELLO1,YOKES5",departure
KDEN,RW34L,"BAYLR3,BRYCC3,CONNR4,COORZ3,EEONS5,EMMYS5,EPKEE5,EXTAN4,FOOOT3,PIKES9,PLAIN8,RIKKK3,ROCKI3,SOLAR3,SPAZZ3,STAKR3,YAMMI3,YELLO1,YOKES5",departure
KDEN,RW34R,"BAYLR3,BRYCC3,CONNR4,COORZ3,EEONS5,EMMYS5,EPKEE5,EXTAN4,FOOOT3,PIKES9,PLAIN8,RIKKK3,ROCKI3,SOLAR3,SPAZZ3,STAKR3,YAMMI3,YELLO1,YOKES5",departure
KDEN,RW35L,"BAYLR3,BRYCC3,CONNR4,COORZ3,EEONS5,EMMYS5,EPKEE5,EXTAN4,FOOOT3,PIKES9,PLAIN8,RIKKK3,ROCKI3,SOLAR3,SPAZZ3,STAKR3,YAMMI3,YELLO1,YOKES5",departure
KDEN,RW35R,"BAYLR3,BRYCC3,CONNR4,COORZ3,EEONS5,EMMYS5,EPKEE5,EXTAN4,FOOOT3,PIKES9,PLAIN8,RIKKK3,ROCKI3,SOLAR3,SPAZZ3,STAKR3,YAMMI3,YELLO1,YOKES5",departure
KDEN,RW17L,"BAYLR3,BRYCC3,CONNR4,COORZ3,EEONS5,EMMYS5,EPKEE5,EXTAN4,FOOOT3,PIKES9,PLAIN8,RIKKK3,ROCKI3,SOLAR3,SPAZZ3,STAKR3,YAMMI3,YELLO1,YOKES5",departure
KDEN,RW17R,"BAYLR3,BRYCC3,CONNR4,COORZ3,EEONS5,EMMYS5,EPKEE5,EXTAN4,FOOOT3,PIKES9,PLAIN8,RIKKK3,ROCKI3,SOLAR3,SPAZZ3,STAKR3,YAMMI3,YELLO1,YOKES5",departure
KDEN,RW08,"BAYLR3,BRYCC3,CONNR4,COORZ3,EEONS5,EMMYS5,EPKEE5,EXTAN4,FOOOT3,PIKES9,PLAIN8,RIKKK3,ROCKI3,SOLAR3,SPAZZ3,STAKR3,YAMMI3,YELLO1,YOKES5",departure
KDEN,RW25,"BAYLR3,BRYCC3,CONNR4,COORZ3,EEONS5,EMMYS5,EPKEE5,EXTAN4,FOOOT3,PIKES9,PLAIN8,RIKKK3,ROCKI3,SOLAR3,SPAZZ3,STAKR3,YAMMI3,YELLO1,YOKES5",departure
KDCA,RW01,"CAPSS3,DEALE3,FRDMM4,NUMMY2,TIKEE3,TRUPS4,SKILS4",arrival
KDCA,RW01,"BOOCK3,CLTCH2,DOCTR4,HORTO3,JDUBB2,REBLL4,SCRAM4,SOOKI4,WYNGS4",departure
KDCA,RW04,"BOOCK3,DOCTR4,SOOKI4",departure
KDCA,RW33,"BOOCK3,CLTCH2,DOCTR4,HORTO3,JDUBB2,REBLL4,SCRAM4,SOOKI4,WYNGS4",departure
KDCA,RW19,"BOOCK3,CLTCH2,DOCTR4,HORTO3,JDUBB2,REBLL4,SCRAM4,SOOKI4,WYNGS4",departure
KDCA,RW15,"BOOCK3,CLTCH2,DOCTR4,HORTO3,JDUBB2,REBLL4,SCRAM4,SOOKI4,WYNGS4",departure
KCLT,RW18R,"STOCR2,MLLET2,MAJIC2,JONZE2,FILPZ3,CHSLY3,BTSEY2",arrival
KCLT,RW18L,"STOCR2,MLLET2,MAJIC2,JONZE2,FILPZ3,CHSLY3,BTSEY2",arrival
KCLT,RW18C,"STOCR2,MLLET2,MAJIC2,JONZE2,FILPZ3,CHSLY3,BTSEY2",arrival
KCLT,RW36R,"UNARM5,STOCR2,RASLN3,PARQR3,MLLET2,JONZE2,FILPZ3,CHSLY3",arrival
KCLT,RW36L,"UNARM5,STOCR2,RASLN3,PARQR3,MLLET2,JONZE2,FILPZ3,CHSLY3",arrival
KCLT,RW36C,"UNARM5,STOCR2,RASLN3,PARQR3,MLLET2,JONZE2,FILPZ3,CHSLY3",arrival
KCLT,RW23,"STOCR2,MLLET2,MAJIC2,JONZE2,FILPZ3,BTSEY2",arrival
KCLT,RW05,"BARMY3,BEAVY4,BOBZY3,CLT2,ESTRR3,ICONS3,JOJJO3,KER2,KILNS3,KNI1,KRITR4,KWEEN3,LILLS1,WEAZL3",departure
KCLT,RW18R,"BARMY3,BEAVY4,BOBZY3,CLT2,ESTRR3,ICONS3,JOJJO3,KER2,KILNS3,KNI1,KRITR4,KWEEN3,LILLS1,WEAZL3",departure
KCLT,RW18L,"BARMY3,BEAVY4,BOBZY3,CLT2,ESTRR3,ICONS3,JOJJO3,KER2,KILNS3,KNI1,KRITR4,KWEEN3,LILLS1,WEAZL3",departure
KCLT,RW18C,"BARMY3,BEAVY4,BOBZY3,CLT2,ESTRR3,ICONS3,JOJJO3,KER2,KILNS3,KNI1,KRITR4,KWEEN3,LILLS1,WEAZL3",departure
KCLT,RW36R,"BARMY3,BEAVY4,BOBZY3,CLT2,ESTRR3,ICONS3,JOJJO3,KER2,KILNS3,KNI1,KRITR4,KWEEN3,LILLS1,WEAZL3",departure
KCLT,RW36L,"BARMY3,BEAVY4,BOBZY3,CLT2,ESTRR3,ICONS3,JOJJO3,KER2,KILNS3,KNI1,KRITR4,KWEEN3,LILLS1,WEAZL3",departure
KCLT,RW36C,"BARMY3,BEAVY4,BOBZY3,CLT2,ESTRR3,ICONS3,JOJJO3,KER2,KILNS3,KNI1,KRITR4,KWEEN3,LILLS1,WEAZL3",departure
KCLT,RW23,"BARMY3,BEAVY4,BOBZY3,CLT2,ESTRR3,ICONS3,JOJJO3,KER2,KILNS3,KNI1,KRITR4,KWEEN3,LILLS1,WEAZL3",departure
KCLT,RW05,"BARMY3,BEAVY4,BOBZY3,CLT2,ESTRR3,ICONS3,JOJJO3,KER2,KILNS3,KNI1,KRITR4,KWEEN3,LILLS1,WEAZL3",departure
KBWI,RW15L,"MIIDY2,RAVNN6,EMI5",arrival
KBWI,RW33R,"MIIDY2,RAVNN6,EMI5",arrival
KBWI,RW15R,"MIIDY2,RAVNN6,EMI5",arrival
KBWI,RW33L,"MIIDY2,RAVNN6,EMI5",arrival
KBWI,RW10,"MIIDY2,RAVNN6,EMI5",arrival
KBWI,RW28,"MIIDY2,RAVNN6,EMI5",arrival
KBWI,RW15R,"CONLE3,FIXET2,TERPZ6",departure
KBWI,RW15L,"CONLE3,FIXET2,TERPZ6",departure
KBWI,RW10,"CONLE3,FIXET2,TERPZ6",departure
KBWI,RW33L,"CONLE3,FIXET2,TERPZ6",departure
KBWI,RW33R,"CONLE3,FIXET2,TERPZ6",departure
KBWI,RW28,"CONLE3,FIXET2,TERPZ6",departure
KBOS,RW27,"GDM4,ORW7",arrival
KBOS,RW04R,"ORW7,WOONS2",arrival
KBOS,RW22L,"GDM4,WOONS2",arrival
KBOS,RW33L,"GDM4,ORW7,WOONS2",arrival
KBOS,RW15R,"GDM4,ORW7",arrival
KBOS,RW15R,"BLZZR4,BRUWN5,CELTK5,HYLND5,LBSTA6,PATSS5,REVSS4,SSOXS5",departure
KBOS,RW22R,"BLZZR4,BRUWN5,CELTK5,HYLND5,LBSTA6,PATSS5,REVSS4,SSOXS5",departure
KBOS,RW22L,"BLZZR4,BRUWN5,CELTK5,HYLND5,LBSTA6,PATSS5,REVSS4,SSOXS5",departure
KBOS,RW33,"BLZZR4,BRUWN5,CELTK5,HYLND5,LBSTA6,PATSS5,REVSS4,SSOXS5",departure
KBOS,RW04R,"BLZZR4,BRUWN5,CELTK5,HYLND5,LBSTA6,PATSS5,REVSS4,SSOXS5",departure
KBOS,RW27,WYLYY3,departure
KABQ,RW08,"COLTR3,CURLY3,FRIHO4,KRKEE3,LAVAN3,LOWBO3,SNDIA3",arrival
KABQ,RW03,"COLTR3,CURLY3,FRIHO4,KRKEE3,LAVAN3,LOWBO3,SNDIA3",arrival
KABQ,RW08,"GRZZZ3,JEMEZ3,MNZNO3",departure
KABQ,RW03,"GRZZZ3,JEMEZ3,MNZNO3",departure
KABQ,RW21,"ADYOS3,ATOMK3,DOOKK3,BOSQE3,FYSTA3",departure
KABQ,RW26,"ADYOS3,ATOMK3,DOOKK3,BOSQE3,FYSTA3",departure
KBDL,RW33,"DPK3,STELA1",arrival
KBDL,RW06,"DPK3,STELA1",arrival
KBDL,RW24,"DPK3,STELA1",arrival
KBDL,RW33,CSTL6,departure
KBDL,RW33,CSTL6,departure
KBDL,RW33,CSTL6,departure
KBDL,RW33,CSTL6,departure
KBDL,RW33,CSTL6,departure
KBUR,RW08,"FERN7,JANNY5,LYNXX8,ROKKR2,WEESL1",arrival
KBUR,RW15,"ELMOO8,OROSZ2,SLAPP1,VNY3,VVERA2",departure
KBUR,RW08,"ELMOO8,OROSZ2,SLAPP1,VNY3,VVERA2",departure
KBUR,RW26,"ELMOO8,OROSZ2,SLAPP1,VNY3,VVERA2",departure
KBUR,RW33,"ELMOO8,OROSZ2,SLAPP1,VNY3,VVERA2",departure
KCLE,RW06R,"ZABER6,HIMEZ4,ROLLN1,TRYBE1",arrival
KCLE,RW24L,"ZABER6,HIMEZ4,ROLLN1,TRYBE1",arrival
KCLE,RW06L,"ZABER6,HIMEZ4,ROLLN1,TRYBE1",arrival
KCLE,RW24R,"ZABER6,HIMEZ4,ROLLN1,TRYBE1",arrival
KCLE,RW28,"ZABER6,HIMEZ4,ROLLN1,TRYBE1",arrival
KCLE,RW06R,"KKIDS1,OBRLN5,PFLYD1,ZAAPA1,AMRST5,CAVVS1,GTLKE1",departure
KCLE,RW24R,"KKIDS1,OBRLN5,PFLYD1,ZAAPA1,AMRST5,CAVVS1,GTLKE1",departure
KCLE,RW06L,"KKIDS1,OBRLN5,PFLYD1,ZAAPA1,AMRST5,CAVVS1,GTLKE1",departure
KCLE,RW24L,"KKIDS1,OBRLN5,PFLYD1,ZAAPA1,AMRST5,CAVVS1,GTLKE1",departure
KCLE,RW10,"OBRLN5,ZAAPA1,AMRST5,CAVVS1,GTLKE1",departure
KCLE,RW28,"OBRLN5,ZAAPA1,AMRST5,CAVVS1,GTLKE1",departure
KCVG,RW36R,"BRUSH2,DEBAR5,SHB6,TIGRR2",arrival
KCVG,RW36L,"BRUSH2,DEBAR5,SHB6,TIGRR2",arrival
KCVG,RW36C,"BRUSH2,DEBAR5,SHB6,TIGRR2",arrival
KCVG,RW18L,"DEBAR5,GAVNN4,SARGO3,SHB6",arrival
KCVG,RW18R,"DEBAR5,GAVNN4,SARGO3,SHB6",arrival
KCVG,RW18C,"DEBAR5,GAVNN4,SARGO3,SHB6",arrival
KCVG,RW27,"HARDU3,JAKIE4,SHB6,TIGRR2",arrival
KCVG,RW09,"BRUSH2,DEBAR5,SHB6",arrival
KCVG,RW36R,"BLGRS2,BNGLE4,CHCLL4,GIPLE6,HAGOL4,JBNCH5,KENLN4,LOVEY6,ROCKT9,SILKS4",departure
KCVG,RW36L,"BLGRS2,BNGLE4,CHCLL4,GIPLE6,HAGOL4,JBNCH5,KENLN4,LOVEY6,ROCKT9,SILKS4",departure
KCVG,RW36C,"BLGRS2,BNGLE4,CHCLL4,GIPLE6,HAGOL4,JBNCH5,KENLN4,LOVEY6,ROCKT9,SILKS4",departure
KCVG,RW18L,"BNGLE4,CHCLL4,GIPLE6,HAGOL4,JBNCH5,KENLN4,LOVEY6,ROCKT9,SILKS4",departure
KCVG,RW18R,"BNGLE4,CHCLL4,GIPLE6,HAGOL4,JBNCH5,KENLN4,LOVEY6,ROCKT9,SILKS4",departure
KCVG,RW18C,"BNGLE4,CHCLL4,GIPLE6,HAGOL4,JBNCH5,KENLN4,LOVEY6,ROCKT9,SILKS4",departure
KCVG,RW27,"BLGRS2,BNGLE4,CHCLL4,GIPLE6,HAGOL4,JBNCH5,KENLN4,LOVEY6,ROCKT9,SILKS4",departure
KORD,RW10C,"BDF7,ERNNY4,OXI7,MADII3,SHAIN1",arrival
KORD,RW28C,"BENKY4,ERNNY4,ESSPO3,OXI7,WATSN3",arrival
KORD,RW04R,"BDF7,ERNNY4,OXI7,MADII3,SHAIN1",arrival
KORD,RW22L,"BENKY4,ERNNY4,ESSPO3,OXI7,WATSN3",arrival
KORD,RW27L,"BENKY4,ERNNY4,ESSPO3,OXI7,WATSN3",arrival
KORD,RW09R,"BDF7,ERNNY4,OXI7,MADII3,SHAIN1",arrival
KORD,RW22R,"BENKY4,ERNNY4,ESSPO3,OXI7,WATSN3",arrival
KORD,RW09L,"BDF7,ERNNY4,OXI7,MADII3,SHAIN1",arrival
KORD,RW27R,"BENKY4,ERNNY4,ESSPO3,OXI7,WATSN3",arrival
KORD,RW28L,"BENKY4,ERNNY4,ESSPO3,OXI7,WATSN3",arrival
KORD,RW10R,"BDF7,ERNNY4,OXI7,MADII3,SHAIN1",arrival
KORD,RW22L,----,departure
KHPN,RW16,"RICED4,NOBBI5",arrival
KHPN,RW34,RICED4,arrival
KHPN,RW34,HPN7,departure
KHPN,RW16,"HPN7,PROP1",departure
KHPN,RW29,HPN7,departure
KHPN,RW11,HPN7,departure
KISP,RW24,"NELIE3,LOVES2",arrival
KISP,RW06,"NELIE3,LOVES2",arrival
KISP,RW15L,LONGI5,departure
KISP,RW33R,LONGI5,departure
KISP,RW10,LONGI5,departure
KISP,RW28,LONGI5,departure
KISP,RW15R,LONGI5,departure
KISP,RW33L,LONGI5,departure
KISP,RW24,LONGI5,departure
KISP,RW06,LONGI5,departure
KJAX,RW08,"HOTAR1,OHDEA1,TEBOW1",arrival
KJAX,RW14,"HOTAR1,OHDEA1,TEBOW1",arrival
KJAX,RW26,"HOTAR1,OHDEA1,POGIE1,TEBOW1",arrival
KJAX,RW26,"ARNEY2,CROSB2,EXBOX2,JETIN2",departure
KJAX,RW14,"ARNEY2,CROSB2,EXBOX2,JETIN2",departure
KJAX,RW08,"ARNEY2,CROSB2,EXBOX2,JETIN2",departure
KJAX,RW32,"ARNEY2,CROSB2,EXBOX2,JETIN2",departure
KLGB,RW30,"BAUBB1,DSNEE4,KAYOH7,ROOBY3",arrival
KLGB,RW25L,"FRITR2,HAWWC3,TOPMM4,ZOOMM2",departure
KLGB,RW30,"FRITR2,HAWWC3,TOPMM4,ZOOMM2",departure
KLGB,RW12,"FRITR2,HAWWC3,TOPMM4,ZOOMM2",departure
KLGB,RW07L,"FRITR2,HAWWC3,TOPMM4,ZOOMM2",departure
KLGB,RW07R,"FRITR2,HAWWC3,TOPMM4,ZOOMM2",departure
KLGB,RW25R,"FRITR2,HAWWC3,TOPMM4,ZOOMM2",departure
KMHT,RW06,"POPPP1,ROZZE2",arrival
KMHT,RW17,"POPPP1,ROZZE2",arrival
KMHT,RW35,"POPPP1,ROZZE2",arrival
KMHT,RW06,PPORT3,departure
KMHT,RW17,PPORT3,departure
KMHT,RW24,PPORT3,departure
KMHT,RW35,PPORT3,departure
KOAK,RW12,"EMZOH3,PXN5,SHARR1,SKIZM2,WNDSR2",arrival
KOAK,RW30,"EMZOH3,PXN5,SHARR1",arrival
KOAK,RW28R,"EMZOH3,PXN5,SHARR1",arrival
KOAK,RW28L,"COAST9,NUEVO8,SALAD5,SKYL9",departure
KOAK,RW28R,"COAST9,NUEVO8,SALAD5,SKYL9",departure
KOAK,RW30,"COAST9,HUSSH2,NUEVO8,SLNT1,SKYL9",departure
KOAK,RW10L,"KATFH2,SKYL9",departure
KOAK,RW10R,"KATFH2,SKYL9",departure
KOAK,RW12,"KATFH2,SKYL9",departure
KONT,RW26L,"ZIGGY7,SCBBY2,JCKIE1,KARLB2",arrival
KONT,RW26R,"ZIGGY7,SCBBY2",arrival
KONT,RW08L,"ZIGGY7,SCBBY2,EAGLZ2,GLRNO2",arrival
KONT,RW26R,"POM9,RAJEE3,SNSHN3",departure
KONT,RW26L,"POM9,RAJEE3,SNSHN3",departure
KONT,RW08L,"RAJEE3,SNSHN3",departure
KONT,RW08R,"RAJEE3,SNSHN3",departure
KPBI,RW10L,"FRWAY5,WLACE3",arrival
KPBI,RW28R,"BUFIT2,LMORE2,MIXAE2,SLIDZ1,TBIRD2",departure
KPBI,RW14,"BUFIT2,LMORE2,MIXAE2,SLIDZ1,TBIRD2",departure
KPBI,RW32,"BUFIT2,LMORE2,MIXAE2,SLIDZ1,TBIRD2",departure
KPBI,RW10L,"BUFIT2,LMORE2,MIXAE2,SLIDZ1,TBIRD2",departure
KPDK,RW21L,BOKRT2,arrival
KPDK,RW03L,----,departure
KPIT,RW10R,"DEMME3,HAYNZ5",arrival
KPIT,RW10L,"DEMME3,HAYNZ5",arrival
KPIT,RW28L,"FEWGA4,JESEY3",arrival
KPIT,RW28R,"FEWGA4,JESEY3",arrival
KPIT,RW32,"FEWGA4,JESEY3",arrival
KPIT,RW10R,----,departure
KPIT,RW10L,----,departure
KPIT,RW28L,----,departure
KPIT,RW28R,----,departure
KPIT,RW32,----,departure
KPIT,RW10C,----,departure
KPIT,RW28C,----,departure
KPIT,RW14,----,departure
KSDF,RW35L,"CHERI3,DARBY6,MBELL3",arrival
KSDF,RW35R,"CHERI3,DARBY6,MBELL3",arrival
KSDF,RW17L,"DLAMP5,FRIZN4,MBELL3",arrival
KSDF,RW17R,"DLAMP5,FRIZN4,MBELL3",arrival
KSDF,RW17R,"APALO4,CRRGO3,STREP4,FEDRA4",departure
KSDF,RW17L,"APALO4,CRRGO3,STREP4,FEDRA4",departure
KSDF,RW35R,"APALO4,CRRGO3,STREP4,FEDRA4",departure
KSDF,RW35L,"APALO4,CRRGO3,STREP4,FEDRA4",departure
KSJC,RW12R,"BRINY2,BRIXX2,FRLON2,GOLDN7",arrival
KSJC,RW30L,"HYP5,ROBIE4",arrival
KSJC,RW12L,"ALMDN4,BMRNG4,SUNOL9",departure
KSJC,RW30R,"LOUPE4,SJC2,SUNOL9",departure
KSNA,RW20R,"OHSEA1,TILLT2",arrival
KSNA,RW20R,"FINZZ2,PLZZA1",departure
KSTL,RW12R,"AARCH2,KAYLA3,VLA9,RIVRS5",arrival
KSTL,RW12L,"AARCH2,KAYLA3,VLA9,RIVRS5",arrival
KSTL,RW11,"AARCH2,KAYLA3,VLA9,RIVRS5",arrival
KSTL,RW29,"AARCH2,BOOSH2,KAYLA3,KOOOP1",arrival
KSTL,RW30L,"AARCH2,BOOSH2,KAYLA3,KOOOP1",arrival
KSTL,RW30R,"AARCH2,BOOSH2,KAYLA3,KOOOP1",arrival
KSTL,RW12R,"BERYY5,BGOOD5,BRAKK5,CHUUC5,DRUSE5,EEMOS5,JAHNY5,JHART6,KSHEE5,NATCA5,ROTRY5,TEDDD5,WHRLI6",departure
KSTL,RW12L,"BERYY5,BGOOD5,BRAKK5,CHUUC5,DRUSE5,EEMOS5,JAHNY5,JHART6,KSHEE5,NATCA5,ROTRY5,TEDDD5,WHRLI6",departure
KSTL,RW11,"BERYY5,BGOOD5,BRAKK5,CHUUC5,DRUSE5,EEMOS5,JAHNY5,JHART6,KSHEE5,NATCA5,ROTRY5,TEDDD5,WHRLI6",departure
KSTL,RW29,"BERYY5,BGOOD5,BRAKK5,CHUUC5,DRUSE5,EEMOS5,JAHNY5,JHART6,KSHEE5,NATCA5,ROTRY5,TEDDD5,WHRLI6",departure
KSTL,RW30L,"BERYY5,BGOOD5,BRAKK5,CHUUC5,DRUSE5,EEMOS5,JAHNY5,JHART6,KSHEE5,NATCA5,ROTRY5,TEDDD5,WHRLI6",departure
KSTL,RW30R,"BERYY5,BGOOD5,BRAKK5,CHUUC5,DRUSE5,EEMOS5,JAHNY5,JHART6,KSHEE5,NATCA5,ROTRY5,TEDDD5,WHRLI6",departure
KTEB,RW19,"JAIKE3,MAZIE2,LVZ4",arrival
KTEB,RW24,RUUDY6,departure
KMDW,RW04R,"PANGG3,MOTIF6,FISSK4",arrival
KMDW,RW04R,----,departure
KMDW,RW31C,----,departure
KVGT,RW12L,"KADDY2,LUXOR2",arrival
KVGT,RW12R,RTTRN3,departure
KVGT,RW30R,NOTWN4,departure
PHNL,RW08L,"KAENA2,KLANI2",arrival
PHNL,RW04R,"MKK4,PALAY2",departure
PHNL,RW08R,"MKK4,PALAY2",departure
PHNL,RW08L,"MKK4,PALAY2",departure
KBOI,RW28R,"BEWTE3,KOURT3,OWYHE3,SADYL3",arrival
KBOI,RW28R,GOWEN4,departure
KBOI,RW28L,GOWEN4,departure
PANC,RW07L,"KROTO4,NEELL6,PTERS3,WITTI4",arrival
PANC,RW07R,"KROTO4,NEELL6,PTERS3,WITTI4",arrival
PANC,RW15,"KROTO4,NEELL6,PTERS3,WITTI4",arrival
PANC,RW25L,FFITZ4,departure
PANC,RW25R,FFITZ4,departure
PANC,RW33,"FFITZ4,NOEND4",departure
KEWR,RW04L,"DYLIN4,FLOSI3,PENNS2,PHLBO3,RUUTH1",arrival
KEWR,RW22R,"PHLBO3,FQM3",arrival
KEWR,RW04R,"DYLIN4,FLOSI3,PENNS2,PHLBO3,RUUTH1",arrival
KEWR,RW22L,"PHLBO3,FQM3",arrival
KEWR,RW11,"DYLIN4,FLOSI3,PENNS2,PHLBO3,RUUTH1",arrival
KEWR,RW22R,PORTT4,departure
KEWR,RW22L,PORTT4,departure
KFLL,RW28R,"DEKAL5,GISSH5,JINGL5",arrival
KFLL,RW28L,"DEKAL5,GISSH5,JINGL5",arrival
KFLL,RW10L,"DVALL3,FISEL7,FORTL7,WAVUN3",arrival
KFLL,RW10R,"DVALL3,FISEL7,FORTL7,WAVUN3",arrival
KGYY,RW30,"GSH7,LUCIT1,MOTIF6",arrival
KGYY,RW30,"ADELL4,BLOKR4,CARYN4,DARCY4,ELANR4",departure
KGYY,RW20,"ADELL4,BLOKR4,CARYN4,DARCY4,ELANR4",departure
KGYY,RW12,"ADELL4,BLOKR4,CARYN4,DARCY4,ELANR4",departure
KGYY,RW02,"ADELL4,BLOKR4,CARYN4,DARCY4,ELANR4",departure
KSWF,RW09,HUD3,arrival
KSWF,RW27,HUD3,arrival
KSWF,RW09,SWF8,departure
KSWF,RW27,SWF8,departure
KSWF,RW16,SWF8,departure
KSWF,RW24,SWF8,departure
KPVD,RW05,"JORDN2,WIPOR3",arrival
KPVD,RW23,"JORDN2,WIPOR3",arrival
KPVD,RW34,"JORDN2,WIPOR3",arrival
KPVD,RW05,----,departure
KPVD,RW23,----,departure
KDAL,RW13R,"CYOTE9,DALL4,HUBB9,KING4,KKITY4,KRUMM7,KUSSO5,LNDRE4,SWABR5,SWTSR3,TEX5,WORTH1,WYLIE9",departure
KDAL,RW31L,"BACH7,CURLO4,EMMTT4,ESNYE4,GARL6,HUBB9,JPOOL9,KRUMM7,LOVE4,RAMBL5,SNSET4,SWABR5,TEX5,WORTH1,WYLIE9",departure
KDAL,RW13L,"CYOTE9,DALL4,HUBB9,KING4,KKITY4,KRUMM7,KUSSO5,LNDRE4,SWABR5,SWTSR3,TEX5,WORTH1,WYLIE9",departure
KDAL,RW31R,"BACH7,CURLO4,EMMTT4,ESNYE4,GARL6,HUBB9,JPOOL9,KRUMM7,LOVE4,RAMBL5,SNSET4,SWABR5,TEX5,WORTH1,WYLIE9",departure
KDAL,RW13R,"CRIKT1,DRYYE2,HIBIL3,JFRYE3,NANDR3,REDDN4,YEAGR3",arrival
KDAL,RW31L,"BACHR4,CRIKT1,DRYYE2,JFRYE3,MNNDO4,REDDN4",arrival
KDAL,RW13L,"CRIKT1,DRYYE2,HIBIL3,JFRYE3,NANDR3,REDDN4,YEAGR3",arrival
KDAL,RW31R,"BACHR4,CRIKT1,DRYYE2,JFRYE3,MNNDO4,REDDN4",arrival
